p_cat,total_pur_pred
1,87990384.0
2,43058249.0
3,9166428.625
4,11723332.6875
5,60652448.0
6,26177497.75
7,3360920.90625
8,77987129.0
9,6576993.5625
10,7681967.125
11,12793284.75
12,5070155.84375
13,8078672.625
14,26370292.1875
15,38734717.5
16,45838214.5
17,16970103.5625
18,4392383.0625
